{
  "capabilities": {
    "precision": 0.9,
    "recall": 0.9,
    "f1-score": 0.9,
    "support": 10,
    "confused_with": {
      "finding_someone": 1
    }
  },
  "stop": {
    "precision": 1.0,
    "recall": 1.0,
    "f1-score": 1.0,
    "support": 13,
    "confused_with": {}
  },
  "finding_someone": {
    "precision": 0.9,
    "recall": 1.0,
    "f1-score": 0.9473684210526316,
    "support": 54,
    "confused_with": {}
  },
  "nlu_fallback": {
    "precision": 1.0,
    "recall": 0.09090909090909091,
    "f1-score": 0.16666666666666669,
    "support": 11,
    "confused_with": {
      "count_people": 5,
      "doubt": 2
    }
  },
  "thanks": {
    "precision": 0.9565217391304348,
    "recall": 1.0,
    "f1-score": 0.9777777777777777,
    "support": 22,
    "confused_with": {}
  },
  "greet": {
    "precision": 0.8695652173913043,
    "recall": 0.8333333333333334,
    "f1-score": 0.851063829787234,
    "support": 24,
    "confused_with": {
      "goodbye": 1,
      "finding_someone": 1
    }
  },
  "doubt": {
    "precision": 0.8666666666666667,
    "recall": 0.8666666666666667,
    "f1-score": 0.8666666666666667,
    "support": 15,
    "confused_with": {
      "deny": 2
    }
  },
  "inform": {
    "precision": 0.9259259259259259,
    "recall": 0.8333333333333334,
    "f1-score": 0.8771929824561403,
    "support": 30,
    "confused_with": {
      "finding_someone": 3,
      "count_people": 1
    }
  },
  "deny": {
    "precision": 0.7777777777777778,
    "recall": 0.9333333333333333,
    "f1-score": 0.8484848484848485,
    "support": 15,
    "confused_with": {
      "affirm": 1
    }
  },
  "affirm": {
    "precision": 0.7894736842105263,
    "recall": 0.7894736842105263,
    "f1-score": 0.7894736842105263,
    "support": 19,
    "confused_with": {
      "count_people": 2,
      "greet": 1
    }
  },
  "count_people": {
    "precision": 0.9130434782608695,
    "recall": 1.0,
    "f1-score": 0.9545454545454545,
    "support": 84,
    "confused_with": {}
  },
  "goodbye": {
    "precision": 0.95,
    "recall": 0.7916666666666666,
    "f1-score": 0.8636363636363635,
    "support": 24,
    "confused_with": {
      "greet": 2,
      "thanks": 1
    }
  },
  "accuracy": 0.9003115264797508,
  "macro avg": {
    "precision": 0.9040812074469587,
    "recall": 0.8365596757044126,
    "f1-score": 0.8369063912736925,
    "support": 321
  },
  "weighted avg": {
    "precision": 0.904838442668593,
    "recall": 0.9003115264797508,
    "f1-score": 0.8874767109228288,
    "support": 321
  },
  "micro avg": {
    "precision": 0.9003115264797508,
    "recall": 0.9003115264797508,
    "f1-score": 0.9003115264797508,
    "support": 321
  }
}